MENU,LINK DOWNLOAD
Tùy chọn 1,https://drive.google.com/drive/folders/1bnwmzdg0b9_YTD79Uo7LNhFWcu341-gy
Tùy chọn 2,https://drive.google.com/drive/folders/19wwWFG-oiIQumSwz85jY4emR9iSFj_a2
Tùy chọn 3,https://drive.google.com/drive/folders/19wwWFG-oiIQumSwz85jY4emR9iSFj_a2
Tùy chọn 4,https://drive.google.com/drive/folders/19wwWFG-oiIQumSwz85jY4emR9iSFj_a2
Tùy chọn 5,https://drive.google.com/drive/folders/19wwWFG-oiIQumSwz85jY4emR9iSFj_a2
Tùy chọn 6,https://drive.google.com/drive/folders/19wwWFG-oiIQumSwz85jY4emR9iSFj_a2
Tùy chọn 7,https://drive.google.com/drive/folders/19wwWFG-oiIQumSwz85jY4emR9iSFj_a2
Tùy chọn 8,https://drive.google.com/drive/folders/19wwWFG-oiIQumSwz85jY4emR9iSFj_a2
Tùy chọn 9,https://drive.google.com/drive/folders/19wwWFG-oiIQumSwz85jY4emR9iSFj_a2
Tùy chọn 10,https://drive.google.com/drive/folders/19wwWFG-oiIQumSwz85jY4emR9iSFj_a2
