Menu,Submenu1,Submenu2,Link,Link1,Link2
DOWNLOAD USB BOOT CỨU HỘ MÁY TÍNH,USB BOOT ANHDVBOOT 2025,,https://drive.google.com/drive/folders/1EwENzYpX8w4Of1nK92xzuE-w0OCNwClL0x90vYRB-XIvnhwRpdfe7uagw8c64zpXQMbjGH6z,
DOWNLOAD USB BOOT CỨU HỘ MÁY TÍNH,VENTOY – Bootable USB Solution,,https://drive.google.com/drive/folders/abc,,
DOWNLOAD USB BOOT CỨU HỘ MÁY TÍNH,NHV BOOT 2024 V1770 EXTREME,,https://drive.google.com/drive/folders/abc,,
DOWNLOAD USB BOOT CỨU HỘ MÁY TÍNH,MCBoot_vn 2024 v10.2 build 010424 Pro,,https://drive.google.com/drive/folders/abc,,
DOWNLOAD WINDOWN 7/8/8.1/10/11,DOWNLOAD WINDOWN 7,WINDOWN 7 32BIT,https://drive.google.com/drive/folders/abc,,
DOWNLOAD WINDOWN 7/8/8.1/10/11,DOWNLOAD WINDOWN 7,WINDOWN 7 64BIT,https://drive.google.com/drive/folders/abc,,
DOWNLOAD WINDOWN 7/8/8.1/10/11,DOWNLOAD WINDOWN 8,WINDOWN 8 32BIT,https://drive.google.com/drive/folders/abc,,
DOWNLOAD WINDOWN 7/8/8.1/10/11,DOWNLOAD WINDOWN 8,WINDOWN 8 64BIT,https://drive.google.com/drive/folders/abc,,
DOWNLOAD BỘ CÀI ĐẶT PHẦN MỀM ĐA NĂNG,,,https://drive.google.com/drive/folders/abc,,
"DOWNLOAD MỘT SỐ PHẦN MỀM KHÁC NHƯ (PHOTOSHOP, CORELL,OFFICE,...)",CORELL,2009,https://drive.google.com/drive/folders/abc,,
"DOWNLOAD MỘT SỐ PHẦN MỀM KHÁC NHƯ (PHOTOSHOP, CORELL,OFFICE,...)",CORELL,2010,https://drive.google.com/drive/folders/abc,,
"DOWNLOAD MỘT SỐ PHẦN MỀM KHÁC NHƯ (PHOTOSHOP, CORELL,OFFICE,...)",OFFICE,2010,https://drive.google.com/drive/folders/abc,,
